{
  "accuracy": 0.6220918249821176,
  "precision": 0.8447375595025898,
  "recall": 0.6289305230288836,
  "roc_auc": 0.6797539444178979
}