{
  "accuracy": 0.6389195349344714,
  "precision": 0.8793534816782907,
  "recall": 0.6200780640124902,
  "roc_auc": 0.7223489009482325,
  "pr_auc": 0.8964644207048758
}