{
  "accuracy": 0.6337669580398385,
  "precision": 0.8788679414267162,
  "recall": 0.6128337236533958,
  "roc_auc": 0.7172293517976555
}