{
  "accuracy": 0.6339488136949432,
  "precision": 0.882038320055968,
  "recall": 0.6102107728337236,
  "roc_auc": 0.721883484347579,
  "pr_auc": 0.8964366627798817
}