{
  "accuracy": 0.6307481541651007,
  "precision": 0.8825123545353101,
  "recall": 0.6050273224043716,
  "roc_auc": 0.7217206709295471,
  "pr_auc": 0.8963981196959658
}