{
  "accuracy": 0.6369312464386601,
  "precision": 0.8795886111172948,
  "recall": 0.6168930523028884,
  "roc_auc": 0.7221182307483782,
  "pr_auc": 0.8966773364776963
}